sep=|
algoritmo|api|cenario|tamanho|iteracao|tempo_s|corretude|threads_blocos
bitonic_sort|cpu|aleatorio|1024|1|0,000087|1|1x1
bitonic_sort|cpu|aleatorio|1024|2|0,000082|1|1x1
bitonic_sort|cpu|aleatorio|1024|3|0,000080|1|1x1
bitonic_sort|cpu|aleatorio|1024|4|0,000078|1|1x1
bitonic_sort|cpu|aleatorio|1024|5|0,000077|1|1x1
bitonic_sort|cpu|aleatorio|1024|6|0,000077|1|1x1
bitonic_sort|cpu|aleatorio|1024|7|0,000059|1|1x1
bitonic_sort|cpu|aleatorio|1024|8|0,000045|1|1x1
bitonic_sort|cpu|aleatorio|1024|9|0,000043|1|1x1
bitonic_sort|cpu|aleatorio|1024|10|0,000042|1|1x1
bitonic_sort|cpu|aleatorio|4096|1|0,000433|1|1x1
bitonic_sort|cpu|aleatorio|4096|2|0,000331|1|1x1
bitonic_sort|cpu|aleatorio|4096|3|0,000291|1|1x1
bitonic_sort|cpu|aleatorio|4096|4|0,000291|1|1x1
bitonic_sort|cpu|aleatorio|4096|5|0,000294|1|1x1
bitonic_sort|cpu|aleatorio|4096|6|0,000292|1|1x1
bitonic_sort|cpu|aleatorio|4096|7|0,000290|1|1x1
bitonic_sort|cpu|aleatorio|4096|8|0,000288|1|1x1
bitonic_sort|cpu|aleatorio|4096|9|0,000291|1|1x1
bitonic_sort|cpu|aleatorio|4096|10|0,000289|1|1x1
bitonic_sort|cpu|aleatorio|16384|1|0,002065|1|1x1
bitonic_sort|cpu|aleatorio|16384|2|0,001495|1|1x1
bitonic_sort|cpu|aleatorio|16384|3|0,001456|1|1x1
bitonic_sort|cpu|aleatorio|16384|4|0,001455|1|1x1
bitonic_sort|cpu|aleatorio|16384|5|0,001456|1|1x1
bitonic_sort|cpu|aleatorio|16384|6|0,001456|1|1x1
bitonic_sort|cpu|aleatorio|16384|7|0,001457|1|1x1
bitonic_sort|cpu|aleatorio|16384|8|0,001459|1|1x1
bitonic_sort|cpu|aleatorio|16384|9|0,001456|1|1x1
bitonic_sort|cpu|aleatorio|16384|10|0,001456|1|1x1
bitonic_sort|cpu|aleatorio|65536|1|0,006984|1|1x1
bitonic_sort|cpu|aleatorio|65536|2|0,006976|1|1x1
bitonic_sort|cpu|aleatorio|65536|3|0,006976|1|1x1
bitonic_sort|cpu|aleatorio|65536|4|0,006969|1|1x1
bitonic_sort|cpu|aleatorio|65536|5|0,006976|1|1x1
bitonic_sort|cpu|aleatorio|65536|6|0,006967|1|1x1
bitonic_sort|cpu|aleatorio|65536|7|0,006976|1|1x1
bitonic_sort|cpu|aleatorio|65536|8|0,006968|1|1x1
bitonic_sort|cpu|aleatorio|65536|9|0,006977|1|1x1
bitonic_sort|cpu|aleatorio|65536|10|0,006989|1|1x1
bitonic_sort|cpu|aleatorio|262144|1|0,033350|1|1x1
bitonic_sort|cpu|aleatorio|262144|2|0,032846|1|1x1
bitonic_sort|cpu|aleatorio|262144|3|0,032876|1|1x1
bitonic_sort|cpu|aleatorio|262144|4|0,032838|1|1x1
bitonic_sort|cpu|aleatorio|262144|5|0,032852|1|1x1
bitonic_sort|cpu|aleatorio|262144|6|0,032822|1|1x1
bitonic_sort|cpu|aleatorio|262144|7|0,032825|1|1x1
bitonic_sort|cpu|aleatorio|262144|8|0,032876|1|1x1
bitonic_sort|cpu|aleatorio|262144|9|0,032853|1|1x1
bitonic_sort|cpu|aleatorio|262144|10|0,032847|1|1x1
bitonic_sort|cpu|aleatorio|1048576|1|0,152578|1|1x1
bitonic_sort|cpu|aleatorio|1048576|2|0,152549|1|1x1
bitonic_sort|cpu|aleatorio|1048576|3|0,152710|1|1x1
bitonic_sort|cpu|aleatorio|1048576|4|0,151815|1|1x1
bitonic_sort|cpu|aleatorio|1048576|5|0,152486|1|1x1
bitonic_sort|cpu|aleatorio|1048576|6|0,152653|1|1x1
bitonic_sort|cpu|aleatorio|1048576|7|0,152532|1|1x1
bitonic_sort|cpu|aleatorio|1048576|8|0,152570|1|1x1
bitonic_sort|cpu|aleatorio|1048576|9|0,152519|1|1x1
bitonic_sort|cpu|aleatorio|1048576|10|0,152550|1|1x1
bitonic_sort|cpu|aleatorio|4194304|1|0,702413|1|1x1
bitonic_sort|cpu|aleatorio|4194304|2|0,702495|1|1x1
bitonic_sort|cpu|aleatorio|4194304|3|0,702394|1|1x1
bitonic_sort|cpu|aleatorio|4194304|4|0,701992|1|1x1
bitonic_sort|cpu|aleatorio|4194304|5|0,702522|1|1x1
bitonic_sort|cpu|aleatorio|4194304|6|0,696384|1|1x1
bitonic_sort|cpu|aleatorio|4194304|7|0,702342|1|1x1
bitonic_sort|cpu|aleatorio|4194304|8|0,702253|1|1x1
bitonic_sort|cpu|aleatorio|4194304|9|0,702908|1|1x1
bitonic_sort|cpu|aleatorio|4194304|10|0,702049|1|1x1
bitonic_sort|cpu|aleatorio|16777216|1|3,437489|1|1x1
bitonic_sort|cpu|aleatorio|16777216|2|3,432687|1|1x1
bitonic_sort|cpu|aleatorio|16777216|3|3,435517|1|1x1
bitonic_sort|cpu|aleatorio|16777216|4|3,425018|1|1x1
bitonic_sort|cpu|aleatorio|16777216|5|3,435267|1|1x1
bitonic_sort|cpu|aleatorio|16777216|6|3,429048|1|1x1
bitonic_sort|cpu|aleatorio|16777216|7|3,423345|1|1x1
bitonic_sort|cpu|aleatorio|16777216|8|3,435307|1|1x1
bitonic_sort|cpu|aleatorio|16777216|9|3,431689|1|1x1
bitonic_sort|cpu|aleatorio|16777216|10|3,433400|1|1x1
bitonic_sort|cpu|aleatorio|67108864|1|15,833580|1|1x1
bitonic_sort|cpu|aleatorio|67108864|2|15,844729|1|1x1
bitonic_sort|cpu|aleatorio|67108864|3|15,809670|1|1x1
bitonic_sort|cpu|aleatorio|67108864|4|15,846961|1|1x1
bitonic_sort|cpu|aleatorio|67108864|5|15,855041|1|1x1
bitonic_sort|cpu|aleatorio|67108864|6|15,837858|1|1x1
bitonic_sort|cpu|aleatorio|67108864|7|15,883182|1|1x1
bitonic_sort|cpu|aleatorio|67108864|8|15,882295|1|1x1
bitonic_sort|cpu|aleatorio|67108864|9|15,856126|1|1x1
bitonic_sort|cpu|aleatorio|67108864|10|15,884412|1|1x1
bitonic_sort|openmp|aleatorio|1024|1|0,001176|1|32x1
bitonic_sort|openmp|aleatorio|1024|2|0,001162|1|32x1
bitonic_sort|openmp|aleatorio|1024|3|0,001162|1|32x1
bitonic_sort|openmp|aleatorio|1024|4|0,001192|1|32x1
bitonic_sort|openmp|aleatorio|1024|5|0,001174|1|32x1
bitonic_sort|openmp|aleatorio|1024|6|0,001165|1|32x1
bitonic_sort|openmp|aleatorio|1024|7|0,001163|1|32x1
bitonic_sort|openmp|aleatorio|1024|8|0,001168|1|32x1
bitonic_sort|openmp|aleatorio|1024|9|0,001183|1|32x1
bitonic_sort|openmp|aleatorio|1024|10|0,001166|1|32x1
bitonic_sort|openmp|aleatorio|4096|1|0,001720|1|32x1
bitonic_sort|openmp|aleatorio|4096|2|0,001855|1|32x1
bitonic_sort|openmp|aleatorio|4096|3|0,001767|1|32x1
bitonic_sort|openmp|aleatorio|4096|4|0,001834|1|32x1
bitonic_sort|openmp|aleatorio|4096|5|0,001708|1|32x1
bitonic_sort|openmp|aleatorio|4096|6|0,001702|1|32x1
bitonic_sort|openmp|aleatorio|4096|7|0,001703|1|32x1
bitonic_sort|openmp|aleatorio|4096|8|0,001701|1|32x1
bitonic_sort|openmp|aleatorio|4096|9|0,001710|1|32x1
bitonic_sort|openmp|aleatorio|4096|10|0,001702|1|32x1
bitonic_sort|openmp|aleatorio|16384|1|0,002559|1|32x1
bitonic_sort|openmp|aleatorio|16384|2|0,002591|1|32x1
bitonic_sort|openmp|aleatorio|16384|3|0,002545|1|32x1
bitonic_sort|openmp|aleatorio|16384|4|0,002387|1|32x1
bitonic_sort|openmp|aleatorio|16384|5|0,002386|1|32x1
bitonic_sort|openmp|aleatorio|16384|6|0,002390|1|32x1
bitonic_sort|openmp|aleatorio|16384|7|0,002371|1|32x1
bitonic_sort|openmp|aleatorio|16384|8|0,002394|1|32x1
bitonic_sort|openmp|aleatorio|16384|9|0,002391|1|32x1
bitonic_sort|openmp|aleatorio|16384|10|0,002356|1|32x1
bitonic_sort|openmp|aleatorio|65536|1|0,003437|1|32x1
bitonic_sort|openmp|aleatorio|65536|2|0,003415|1|32x1
bitonic_sort|openmp|aleatorio|65536|3|0,003431|1|32x1
bitonic_sort|openmp|aleatorio|65536|4|0,003373|1|32x1
bitonic_sort|openmp|aleatorio|65536|5|0,003414|1|32x1
bitonic_sort|openmp|aleatorio|65536|6|0,003383|1|32x1
bitonic_sort|openmp|aleatorio|65536|7|0,003396|1|32x1
bitonic_sort|openmp|aleatorio|65536|8|0,003391|1|32x1
bitonic_sort|openmp|aleatorio|65536|9|0,003481|1|32x1
bitonic_sort|openmp|aleatorio|65536|10|0,003415|1|32x1
bitonic_sort|openmp|aleatorio|262144|1|0,007597|1|32x1
bitonic_sort|openmp|aleatorio|262144|2|0,007574|1|32x1
bitonic_sort|openmp|aleatorio|262144|3|0,007562|1|32x1
bitonic_sort|openmp|aleatorio|262144|4|0,007535|1|32x1
bitonic_sort|openmp|aleatorio|262144|5|0,007549|1|32x1
bitonic_sort|openmp|aleatorio|262144|6|0,007561|1|32x1
bitonic_sort|openmp|aleatorio|262144|7|0,007557|1|32x1
bitonic_sort|openmp|aleatorio|262144|8|0,007643|1|32x1
bitonic_sort|openmp|aleatorio|262144|9|0,007569|1|32x1
bitonic_sort|openmp|aleatorio|262144|10|0,007548|1|32x1
bitonic_sort|openmp|aleatorio|1048576|1|0,023561|1|32x1
bitonic_sort|openmp|aleatorio|1048576|2|0,023310|1|32x1
bitonic_sort|openmp|aleatorio|1048576|3|0,024782|1|32x1
bitonic_sort|openmp|aleatorio|1048576|4|0,023655|1|32x1
bitonic_sort|openmp|aleatorio|1048576|5|0,024164|1|32x1
bitonic_sort|openmp|aleatorio|1048576|6|0,025110|1|32x1
bitonic_sort|openmp|aleatorio|1048576|7|0,023676|1|32x1
bitonic_sort|openmp|aleatorio|1048576|8|0,023826|1|32x1
bitonic_sort|openmp|aleatorio|1048576|9|0,023761|1|32x1
bitonic_sort|openmp|aleatorio|1048576|10|0,024050|1|32x1
bitonic_sort|openmp|aleatorio|4194304|1|0,092873|1|32x1
bitonic_sort|openmp|aleatorio|4194304|2|0,093630|1|32x1
bitonic_sort|openmp|aleatorio|4194304|3|0,093097|1|32x1
bitonic_sort|openmp|aleatorio|4194304|4|0,097359|1|32x1
bitonic_sort|openmp|aleatorio|4194304|5|0,095061|1|32x1
bitonic_sort|openmp|aleatorio|4194304|6|0,093625|1|32x1
bitonic_sort|openmp|aleatorio|4194304|7|0,093511|1|32x1
bitonic_sort|openmp|aleatorio|4194304|8|0,091291|1|32x1
bitonic_sort|openmp|aleatorio|4194304|9|0,093999|1|32x1
bitonic_sort|openmp|aleatorio|4194304|10|0,094816|1|32x1
bitonic_sort|openmp|aleatorio|16777216|1|0,434522|1|32x1
bitonic_sort|openmp|aleatorio|16777216|2|0,450836|1|32x1
bitonic_sort|openmp|aleatorio|16777216|3|0,447932|1|32x1
bitonic_sort|openmp|aleatorio|16777216|4|0,452862|1|32x1
bitonic_sort|openmp|aleatorio|16777216|5|0,449790|1|32x1
bitonic_sort|openmp|aleatorio|16777216|6|0,452224|1|32x1
bitonic_sort|openmp|aleatorio|16777216|7|0,452495|1|32x1
bitonic_sort|openmp|aleatorio|16777216|8|0,449781|1|32x1
bitonic_sort|openmp|aleatorio|16777216|9|0,448717|1|32x1
bitonic_sort|openmp|aleatorio|16777216|10|0,449864|1|32x1
bitonic_sort|openmp|aleatorio|67108864|1|3,365094|1|32x1
bitonic_sort|openmp|aleatorio|67108864|2|3,367712|1|32x1
bitonic_sort|openmp|aleatorio|67108864|3|3,367704|1|32x1
bitonic_sort|openmp|aleatorio|67108864|4|3,372004|1|32x1
bitonic_sort|openmp|aleatorio|67108864|5|3,357300|1|32x1
bitonic_sort|openmp|aleatorio|67108864|6|3,357224|1|32x1
bitonic_sort|openmp|aleatorio|67108864|7|3,378025|1|32x1
bitonic_sort|openmp|aleatorio|67108864|8|3,368699|1|32x1
bitonic_sort|openmp|aleatorio|67108864|9|3,364438|1|32x1
bitonic_sort|openmp|aleatorio|67108864|10|3,372934|1|32x1
bitonic_sort|cuda|aleatorio|1024|1|0,003564|1|256x2
bitonic_sort|cuda|aleatorio|1024|2|0,003562|1|256x2
bitonic_sort|cuda|aleatorio|1024|3|0,003566|1|256x2
bitonic_sort|cuda|aleatorio|1024|4|0,003567|1|256x2
bitonic_sort|cuda|aleatorio|1024|5|0,003561|1|256x2
bitonic_sort|cuda|aleatorio|1024|6|0,003556|1|256x2
bitonic_sort|cuda|aleatorio|1024|7|0,003559|1|256x2
bitonic_sort|cuda|aleatorio|1024|8|0,003557|1|256x2
bitonic_sort|cuda|aleatorio|1024|9|0,003561|1|256x2
bitonic_sort|cuda|aleatorio|1024|10|0,003560|1|256x2
bitonic_sort|cuda|aleatorio|4096|1|0,003581|1|256x8
bitonic_sort|cuda|aleatorio|4096|2|0,003578|1|256x8
bitonic_sort|cuda|aleatorio|4096|3|0,003576|1|256x8
bitonic_sort|cuda|aleatorio|4096|4|0,003583|1|256x8
bitonic_sort|cuda|aleatorio|4096|5|0,003583|1|256x8
bitonic_sort|cuda|aleatorio|4096|6|0,003583|1|256x8
bitonic_sort|cuda|aleatorio|4096|7|0,003590|1|256x8
bitonic_sort|cuda|aleatorio|4096|8|0,003581|1|256x8
bitonic_sort|cuda|aleatorio|4096|9|0,003571|1|256x8
bitonic_sort|cuda|aleatorio|4096|10|0,003571|1|256x8
bitonic_sort|cuda|aleatorio|16384|1|0,003597|1|256x32
bitonic_sort|cuda|aleatorio|16384|2|0,003599|1|256x32
bitonic_sort|cuda|aleatorio|16384|3|0,003601|1|256x32
bitonic_sort|cuda|aleatorio|16384|4|0,003603|1|256x32
bitonic_sort|cuda|aleatorio|16384|5|0,003589|1|256x32
bitonic_sort|cuda|aleatorio|16384|6|0,003589|1|256x32
bitonic_sort|cuda|aleatorio|16384|7|0,003591|1|256x32
bitonic_sort|cuda|aleatorio|16384|8|0,003632|1|256x32
bitonic_sort|cuda|aleatorio|16384|9|0,003591|1|256x32
bitonic_sort|cuda|aleatorio|16384|10|0,003584|1|256x32
bitonic_sort|cuda|aleatorio|65536|1|0,005588|1|256x128
bitonic_sort|cuda|aleatorio|65536|2|0,005557|1|256x128
bitonic_sort|cuda|aleatorio|65536|3|0,005563|1|256x128
bitonic_sort|cuda|aleatorio|65536|4|0,005566|1|256x128
bitonic_sort|cuda|aleatorio|65536|5|0,005532|1|256x128
bitonic_sort|cuda|aleatorio|65536|6|0,005528|1|256x128
bitonic_sort|cuda|aleatorio|65536|7|0,005564|1|256x128
bitonic_sort|cuda|aleatorio|65536|8|0,005541|1|256x128
bitonic_sort|cuda|aleatorio|65536|9|0,005695|1|256x128
bitonic_sort|cuda|aleatorio|65536|10|0,005541|1|256x128
bitonic_sort|cuda|aleatorio|262144|1|0,003756|1|256x512
bitonic_sort|cuda|aleatorio|262144|2|0,003750|1|256x512
bitonic_sort|cuda|aleatorio|262144|3|0,003745|1|256x512
bitonic_sort|cuda|aleatorio|262144|4|0,003753|1|256x512
bitonic_sort|cuda|aleatorio|262144|5|0,003738|1|256x512
bitonic_sort|cuda|aleatorio|262144|6|0,003868|1|256x512
bitonic_sort|cuda|aleatorio|262144|7|0,003751|1|256x512
bitonic_sort|cuda|aleatorio|262144|8|0,003741|1|256x512
bitonic_sort|cuda|aleatorio|262144|9|0,003726|1|256x512
bitonic_sort|cuda|aleatorio|262144|10|0,003728|1|256x512
bitonic_sort|cuda|aleatorio|1048576|1|0,003978|1|256x2048
bitonic_sort|cuda|aleatorio|1048576|2|0,003973|1|256x2048
bitonic_sort|cuda|aleatorio|1048576|3|0,004296|1|256x2048
bitonic_sort|cuda|aleatorio|1048576|4|0,003963|1|256x2048
bitonic_sort|cuda|aleatorio|1048576|5|0,003956|1|256x2048
bitonic_sort|cuda|aleatorio|1048576|6|0,004276|1|256x2048
bitonic_sort|cuda|aleatorio|1048576|7|0,004277|1|256x2048
bitonic_sort|cuda|aleatorio|1048576|8|0,004272|1|256x2048
bitonic_sort|cuda|aleatorio|1048576|9|0,003943|1|256x2048
bitonic_sort|cuda|aleatorio|1048576|10|0,003935|1|256x2048
bitonic_sort|cuda|aleatorio|4194304|1|0,005205|1|256x8192
bitonic_sort|cuda|aleatorio|4194304|2|0,005196|1|256x8192
bitonic_sort|cuda|aleatorio|4194304|3|0,005175|1|256x8192
bitonic_sort|cuda|aleatorio|4194304|4|0,005155|1|256x8192
bitonic_sort|cuda|aleatorio|4194304|5|0,005145|1|256x8192
bitonic_sort|cuda|aleatorio|4194304|6|0,005119|1|256x8192
bitonic_sort|cuda|aleatorio|4194304|7|0,005097|1|256x8192
bitonic_sort|cuda|aleatorio|4194304|8|0,005023|1|256x8192
bitonic_sort|cuda|aleatorio|4194304|9|0,004986|1|256x8192
bitonic_sort|cuda|aleatorio|4194304|10|0,004925|1|256x8192
bitonic_sort|cuda|aleatorio|16777216|1|0,028841|1|256x32768
bitonic_sort|cuda|aleatorio|16777216|2|0,027563|1|256x32768
bitonic_sort|cuda|aleatorio|16777216|3|0,032859|1|256x32768
bitonic_sort|cuda|aleatorio|16777216|4|0,040342|1|256x32768
bitonic_sort|cuda|aleatorio|16777216|5|0,039988|1|256x32768
bitonic_sort|cuda|aleatorio|16777216|6|0,039857|1|256x32768
bitonic_sort|cuda|aleatorio|16777216|7|0,039113|1|256x32768
bitonic_sort|cuda|aleatorio|16777216|8|0,039146|1|256x32768
bitonic_sort|cuda|aleatorio|16777216|9|0,038248|1|256x32768
bitonic_sort|cuda|aleatorio|16777216|10|0,037932|1|256x32768
bitonic_sort|cuda|aleatorio|67108864|1|0,513701|1|256x131072
bitonic_sort|cuda|aleatorio|67108864|2|0,484032|1|256x131072
bitonic_sort|cuda|aleatorio|67108864|3|0,451091|1|256x131072
bitonic_sort|cuda|aleatorio|67108864|4|0,401187|1|256x131072
bitonic_sort|cuda|aleatorio|67108864|5|0,565559|1|256x131072
bitonic_sort|cuda|aleatorio|67108864|6|0,540108|1|256x131072
bitonic_sort|cuda|aleatorio|67108864|7|0,514508|1|256x131072
bitonic_sort|cuda|aleatorio|67108864|8|0,485808|1|256x131072
bitonic_sort|cuda|aleatorio|67108864|9|0,449507|1|256x131072
bitonic_sort|cuda|aleatorio|67108864|10|0,413622|1|256x131072
bitonic_sort|cudadp|aleatorio|1024|1|0,003898|1|1x1_dp
bitonic_sort|cudadp|aleatorio|1024|2|0,003804|1|1x1_dp
bitonic_sort|cudadp|aleatorio|1024|3|0,003796|1|1x1_dp
bitonic_sort|cudadp|aleatorio|1024|4|0,003796|1|1x1_dp
bitonic_sort|cudadp|aleatorio|1024|5|0,003787|1|1x1_dp
bitonic_sort|cudadp|aleatorio|1024|6|0,003802|1|1x1_dp
bitonic_sort|cudadp|aleatorio|1024|7|0,003794|1|1x1_dp
bitonic_sort|cudadp|aleatorio|1024|8|0,003838|1|1x1_dp
bitonic_sort|cudadp|aleatorio|1024|9|0,003788|1|1x1_dp
bitonic_sort|cudadp|aleatorio|1024|10|0,003786|1|1x1_dp
bitonic_sort|cudadp|aleatorio|4096|1|0,003916|1|1x1_dp
bitonic_sort|cudadp|aleatorio|4096|2|0,003900|1|1x1_dp
bitonic_sort|cudadp|aleatorio|4096|3|0,003899|1|1x1_dp
bitonic_sort|cudadp|aleatorio|4096|4|0,003899|1|1x1_dp
bitonic_sort|cudadp|aleatorio|4096|5|0,003984|1|1x1_dp
bitonic_sort|cudadp|aleatorio|4096|6|0,003893|1|1x1_dp
bitonic_sort|cudadp|aleatorio|4096|7|0,003891|1|1x1_dp
bitonic_sort|cudadp|aleatorio|4096|8|0,003881|1|1x1_dp
bitonic_sort|cudadp|aleatorio|4096|9|0,004016|1|1x1_dp
bitonic_sort|cudadp|aleatorio|4096|10|0,003880|1|1x1_dp
bitonic_sort|cudadp|aleatorio|16384|1|0,004046|1|1x1_dp
bitonic_sort|cudadp|aleatorio|16384|2|0,004031|1|1x1_dp
bitonic_sort|cudadp|aleatorio|16384|3|0,004018|1|1x1_dp
bitonic_sort|cudadp|aleatorio|16384|4|0,004020|1|1x1_dp
bitonic_sort|cudadp|aleatorio|16384|5|0,004027|1|1x1_dp
bitonic_sort|cudadp|aleatorio|16384|6|0,004009|1|1x1_dp
bitonic_sort|cudadp|aleatorio|16384|7|0,004005|1|1x1_dp
bitonic_sort|cudadp|aleatorio|16384|8|0,004006|1|1x1_dp
bitonic_sort|cudadp|aleatorio|16384|9|0,004003|1|1x1_dp
bitonic_sort|cudadp|aleatorio|16384|10|0,004000|1|1x1_dp
bitonic_sort|cudadp|aleatorio|65536|1|0,006069|1|1x1_dp
bitonic_sort|cudadp|aleatorio|65536|2|0,006242|1|1x1_dp
bitonic_sort|cudadp|aleatorio|65536|3|0,006229|1|1x1_dp
bitonic_sort|cudadp|aleatorio|65536|4|0,006220|1|1x1_dp
bitonic_sort|cudadp|aleatorio|65536|5|0,006227|1|1x1_dp
bitonic_sort|cudadp|aleatorio|65536|6|0,006217|1|1x1_dp
bitonic_sort|cudadp|aleatorio|65536|7|0,006237|1|1x1_dp
bitonic_sort|cudadp|aleatorio|65536|8|0,006213|1|1x1_dp
bitonic_sort|cudadp|aleatorio|65536|9|0,006274|1|1x1_dp
bitonic_sort|cudadp|aleatorio|65536|10|0,006226|1|1x1_dp
bitonic_sort|cudadp|aleatorio|262144|1|0,004753|1|1x1_dp
bitonic_sort|cudadp|aleatorio|262144|2|0,004449|1|1x1_dp
bitonic_sort|cudadp|aleatorio|262144|3|0,004627|1|1x1_dp
bitonic_sort|cudadp|aleatorio|262144|4|0,004464|1|1x1_dp
bitonic_sort|cudadp|aleatorio|262144|5|0,004449|1|1x1_dp
bitonic_sort|cudadp|aleatorio|262144|6|0,004439|1|1x1_dp
bitonic_sort|cudadp|aleatorio|262144|7|0,004652|1|1x1_dp
bitonic_sort|cudadp|aleatorio|262144|8|0,004444|1|1x1_dp
bitonic_sort|cudadp|aleatorio|262144|9|0,004449|1|1x1_dp
bitonic_sort|cudadp|aleatorio|262144|10|0,004447|1|1x1_dp
bitonic_sort|cudadp|aleatorio|1048576|1|0,004578|1|1x1_dp
bitonic_sort|cudadp|aleatorio|1048576|2|0,004594|1|1x1_dp
bitonic_sort|cudadp|aleatorio|1048576|3|0,004577|1|1x1_dp
bitonic_sort|cudadp|aleatorio|1048576|4|0,004585|1|1x1_dp
bitonic_sort|cudadp|aleatorio|1048576|5|0,004672|1|1x1_dp
bitonic_sort|cudadp|aleatorio|1048576|6|0,004557|1|1x1_dp
bitonic_sort|cudadp|aleatorio|1048576|7|0,004551|1|1x1_dp
bitonic_sort|cudadp|aleatorio|1048576|8|0,004535|1|1x1_dp
bitonic_sort|cudadp|aleatorio|1048576|9|0,004516|1|1x1_dp
bitonic_sort|cudadp|aleatorio|1048576|10|0,004506|1|1x1_dp
bitonic_sort|cudadp|aleatorio|4194304|1|0,009225|1|1x1_dp
bitonic_sort|cudadp|aleatorio|4194304|2|0,008838|1|1x1_dp
bitonic_sort|cudadp|aleatorio|4194304|3|0,008804|1|1x1_dp
bitonic_sort|cudadp|aleatorio|4194304|4|0,008699|1|1x1_dp
bitonic_sort|cudadp|aleatorio|4194304|5|0,008626|1|1x1_dp
bitonic_sort|cudadp|aleatorio|4194304|6|0,008610|1|1x1_dp
bitonic_sort|cudadp|aleatorio|4194304|7|0,008576|1|1x1_dp
bitonic_sort|cudadp|aleatorio|4194304|8|0,008559|1|1x1_dp
bitonic_sort|cudadp|aleatorio|4194304|9|0,008502|1|1x1_dp
bitonic_sort|cudadp|aleatorio|4194304|10|0,008408|1|1x1_dp
bitonic_sort|cudadp|aleatorio|16777216|1|0,030141|1|1x1_dp
bitonic_sort|cudadp|aleatorio|16777216|2|0,029232|1|1x1_dp
bitonic_sort|cudadp|aleatorio|16777216|3|0,027877|1|1x1_dp
bitonic_sort|cudadp|aleatorio|16777216|4|0,046854|1|1x1_dp
bitonic_sort|cudadp|aleatorio|16777216|5|0,043718|1|1x1_dp
bitonic_sort|cudadp|aleatorio|16777216|6|0,043993|1|1x1_dp
bitonic_sort|cudadp|aleatorio|16777216|7|0,043040|1|1x1_dp
bitonic_sort|cudadp|aleatorio|16777216|8|0,043148|1|1x1_dp
bitonic_sort|cudadp|aleatorio|16777216|9|0,044720|1|1x1_dp
bitonic_sort|cudadp|aleatorio|16777216|10|0,042530|1|1x1_dp
bitonic_sort|cudadp|aleatorio|67108864|1|0,555393|1|1x1_dp
bitonic_sort|cudadp|aleatorio|67108864|2|0,533584|1|1x1_dp
bitonic_sort|cudadp|aleatorio|67108864|3|0,506404|1|1x1_dp
bitonic_sort|cudadp|aleatorio|67108864|4|0,478896|1|1x1_dp
bitonic_sort|cudadp|aleatorio|67108864|5|0,444486|1|1x1_dp
bitonic_sort|cudadp|aleatorio|67108864|6|0,483939|1|1x1_dp
bitonic_sort|cudadp|aleatorio|67108864|7|0,580903|1|1x1_dp
bitonic_sort|cudadp|aleatorio|67108864|8|0,556170|1|1x1_dp
bitonic_sort|cudadp|aleatorio|67108864|9|0,534065|1|1x1_dp
bitonic_sort|cudadp|aleatorio|67108864|10|0,504828|1|1x1_dp
merge_sort|cpu|aleatorio|1024|1|0,000025|1|1x1
merge_sort|cpu|aleatorio|1024|2|0,000022|1|1x1
merge_sort|cpu|aleatorio|1024|3|0,000020|1|1x1
merge_sort|cpu|aleatorio|1024|4|0,000020|1|1x1
merge_sort|cpu|aleatorio|1024|5|0,000019|1|1x1
merge_sort|cpu|aleatorio|1024|6|0,000019|1|1x1
merge_sort|cpu|aleatorio|1024|7|0,000018|1|1x1
merge_sort|cpu|aleatorio|1024|8|0,000018|1|1x1
merge_sort|cpu|aleatorio|1024|9|0,000018|1|1x1
merge_sort|cpu|aleatorio|1024|10|0,000018|1|1x1
merge_sort|cpu|aleatorio|4096|1|0,000174|1|1x1
merge_sort|cpu|aleatorio|4096|2|0,000171|1|1x1
merge_sort|cpu|aleatorio|4096|3|0,000169|1|1x1
merge_sort|cpu|aleatorio|4096|4|0,000167|1|1x1
merge_sort|cpu|aleatorio|4096|5|0,000166|1|1x1
merge_sort|cpu|aleatorio|4096|6|0,000165|1|1x1
merge_sort|cpu|aleatorio|4096|7|0,000150|1|1x1
merge_sort|cpu|aleatorio|4096|8|0,000134|1|1x1
merge_sort|cpu|aleatorio|4096|9|0,000129|1|1x1
merge_sort|cpu|aleatorio|4096|10|0,000135|1|1x1
merge_sort|cpu|aleatorio|16384|1|0,000842|1|1x1
merge_sort|cpu|aleatorio|16384|2|0,000736|1|1x1
merge_sort|cpu|aleatorio|16384|3|0,000658|1|1x1
merge_sort|cpu|aleatorio|16384|4|0,000658|1|1x1
merge_sort|cpu|aleatorio|16384|5|0,000655|1|1x1
merge_sort|cpu|aleatorio|16384|6|0,000659|1|1x1
merge_sort|cpu|aleatorio|16384|7|0,000663|1|1x1
merge_sort|cpu|aleatorio|16384|8|0,000663|1|1x1
merge_sort|cpu|aleatorio|16384|9|0,000666|1|1x1
merge_sort|cpu|aleatorio|16384|10|0,000662|1|1x1
merge_sort|cpu|aleatorio|65536|1|0,003020|1|1x1
merge_sort|cpu|aleatorio|65536|2|0,003038|1|1x1
merge_sort|cpu|aleatorio|65536|3|0,003061|1|1x1
merge_sort|cpu|aleatorio|65536|4|0,003057|1|1x1
merge_sort|cpu|aleatorio|65536|5|0,003048|1|1x1
merge_sort|cpu|aleatorio|65536|6|0,003059|1|1x1
merge_sort|cpu|aleatorio|65536|7|0,003053|1|1x1
merge_sort|cpu|aleatorio|65536|8|0,003064|1|1x1
merge_sort|cpu|aleatorio|65536|9|0,003062|1|1x1
merge_sort|cpu|aleatorio|65536|10|0,003058|1|1x1
merge_sort|cpu|aleatorio|262144|1|0,013685|1|1x1
merge_sort|cpu|aleatorio|262144|2|0,013619|1|1x1
merge_sort|cpu|aleatorio|262144|3|0,013486|1|1x1
merge_sort|cpu|aleatorio|262144|4|0,013671|1|1x1
merge_sort|cpu|aleatorio|262144|5|0,013644|1|1x1
merge_sort|cpu|aleatorio|262144|6|0,013626|1|1x1
merge_sort|cpu|aleatorio|262144|7|0,013597|1|1x1
merge_sort|cpu|aleatorio|262144|8|0,013597|1|1x1
merge_sort|cpu|aleatorio|262144|9|0,013618|1|1x1
merge_sort|cpu|aleatorio|262144|10|0,013636|1|1x1
merge_sort|cpu|aleatorio|1048576|1|0,059985|1|1x1
merge_sort|cpu|aleatorio|1048576|2|0,059939|1|1x1
merge_sort|cpu|aleatorio|1048576|3|0,059965|1|1x1
merge_sort|cpu|aleatorio|1048576|4|0,059916|1|1x1
merge_sort|cpu|aleatorio|1048576|5|0,059992|1|1x1
merge_sort|cpu|aleatorio|1048576|6|0,059951|1|1x1
merge_sort|cpu|aleatorio|1048576|7|0,059919|1|1x1
merge_sort|cpu|aleatorio|1048576|8|0,059959|1|1x1
merge_sort|cpu|aleatorio|1048576|9|0,059985|1|1x1
merge_sort|cpu|aleatorio|1048576|10|0,059920|1|1x1
merge_sort|cpu|aleatorio|4194304|1|0,263290|1|1x1
merge_sort|cpu|aleatorio|4194304|2|0,264542|1|1x1
merge_sort|cpu|aleatorio|4194304|3|0,264446|1|1x1
merge_sort|cpu|aleatorio|4194304|4|0,261393|1|1x1
merge_sort|cpu|aleatorio|4194304|5|0,264339|1|1x1
merge_sort|cpu|aleatorio|4194304|6|0,262604|1|1x1
merge_sort|cpu|aleatorio|4194304|7|0,263237|1|1x1
merge_sort|cpu|aleatorio|4194304|8|0,257949|1|1x1
merge_sort|cpu|aleatorio|4194304|9|0,262890|1|1x1
merge_sort|cpu|aleatorio|4194304|10|0,263834|1|1x1
merge_sort|cpu|aleatorio|16777216|1|1,156334|1|1x1
merge_sort|cpu|aleatorio|16777216|2|1,157652|1|1x1
merge_sort|cpu|aleatorio|16777216|3|1,158054|1|1x1
merge_sort|cpu|aleatorio|16777216|4|1,157493|1|1x1
merge_sort|cpu|aleatorio|16777216|5|1,157009|1|1x1
merge_sort|cpu|aleatorio|16777216|6|1,157467|1|1x1
merge_sort|cpu|aleatorio|16777216|7|1,159848|1|1x1
merge_sort|cpu|aleatorio|16777216|8|1,157277|1|1x1
merge_sort|cpu|aleatorio|16777216|9|1,157516|1|1x1
merge_sort|cpu|aleatorio|16777216|10|1,155659|1|1x1
merge_sort|cpu|aleatorio|67108864|1|5,033151|1|1x1
merge_sort|cpu|aleatorio|67108864|2|5,032834|1|1x1
merge_sort|cpu|aleatorio|67108864|3|5,034083|1|1x1
merge_sort|cpu|aleatorio|67108864|4|5,031292|1|1x1
merge_sort|cpu|aleatorio|67108864|5|5,033972|1|1x1
merge_sort|cpu|aleatorio|67108864|6|5,037837|1|1x1
merge_sort|cpu|aleatorio|67108864|7|5,026832|1|1x1
merge_sort|cpu|aleatorio|67108864|8|5,042426|1|1x1
merge_sort|cpu|aleatorio|67108864|9|5,039585|1|1x1
merge_sort|cpu|aleatorio|67108864|10|5,033100|1|1x1
merge_sort|openmp|aleatorio|1024|1|0,000137|1|32x1
merge_sort|openmp|aleatorio|1024|2|0,000054|1|32x1
merge_sort|openmp|aleatorio|1024|3|0,000048|1|32x1
merge_sort|openmp|aleatorio|1024|4|0,000042|1|32x1
merge_sort|openmp|aleatorio|1024|5|0,000039|1|32x1
merge_sort|openmp|aleatorio|1024|6|0,000039|1|32x1
merge_sort|openmp|aleatorio|1024|7|0,000037|1|32x1
merge_sort|openmp|aleatorio|1024|8|0,000034|1|32x1
merge_sort|openmp|aleatorio|1024|9|0,000043|1|32x1
merge_sort|openmp|aleatorio|1024|10|0,000032|1|32x1
merge_sort|openmp|aleatorio|4096|1|0,000104|1|32x1
merge_sort|openmp|aleatorio|4096|2|0,000096|1|32x1
merge_sort|openmp|aleatorio|4096|3|0,000092|1|32x1
merge_sort|openmp|aleatorio|4096|4|0,000086|1|32x1
merge_sort|openmp|aleatorio|4096|5|0,000084|1|32x1
merge_sort|openmp|aleatorio|4096|6|0,000083|1|32x1
merge_sort|openmp|aleatorio|4096|7|0,000085|1|32x1
merge_sort|openmp|aleatorio|4096|8|0,000081|1|32x1
merge_sort|openmp|aleatorio|4096|9|0,000082|1|32x1
merge_sort|openmp|aleatorio|4096|10|0,000080|1|32x1
merge_sort|openmp|aleatorio|16384|1|0,000201|1|32x1
merge_sort|openmp|aleatorio|16384|2|0,000197|1|32x1
merge_sort|openmp|aleatorio|16384|3|0,000197|1|32x1
merge_sort|openmp|aleatorio|16384|4|0,000196|1|32x1
merge_sort|openmp|aleatorio|16384|5|0,000195|1|32x1
merge_sort|openmp|aleatorio|16384|6|0,000190|1|32x1
merge_sort|openmp|aleatorio|16384|7|0,000192|1|32x1
merge_sort|openmp|aleatorio|16384|8|0,000193|1|32x1
merge_sort|openmp|aleatorio|16384|9|0,000196|1|32x1
merge_sort|openmp|aleatorio|16384|10|0,000188|1|32x1
merge_sort|openmp|aleatorio|65536|1|0,000662|1|32x1
merge_sort|openmp|aleatorio|65536|2|0,000665|1|32x1
merge_sort|openmp|aleatorio|65536|3|0,000666|1|32x1
merge_sort|openmp|aleatorio|65536|4|0,000654|1|32x1
merge_sort|openmp|aleatorio|65536|5|0,000663|1|32x1
merge_sort|openmp|aleatorio|65536|6|0,000697|1|32x1
merge_sort|openmp|aleatorio|65536|7|0,000653|1|32x1
merge_sort|openmp|aleatorio|65536|8|0,000706|1|32x1
merge_sort|openmp|aleatorio|65536|9|0,000641|1|32x1
merge_sort|openmp|aleatorio|65536|10|0,000652|1|32x1
merge_sort|openmp|aleatorio|262144|1|0,002819|1|32x1
merge_sort|openmp|aleatorio|262144|2|0,002885|1|32x1
merge_sort|openmp|aleatorio|262144|3|0,002862|1|32x1
merge_sort|openmp|aleatorio|262144|4|0,002803|1|32x1
merge_sort|openmp|aleatorio|262144|5|0,002778|1|32x1
merge_sort|openmp|aleatorio|262144|6|0,002813|1|32x1
merge_sort|openmp|aleatorio|262144|7|0,002948|1|32x1
merge_sort|openmp|aleatorio|262144|8|0,002816|1|32x1
merge_sort|openmp|aleatorio|262144|9|0,002887|1|32x1
merge_sort|openmp|aleatorio|262144|10|0,002802|1|32x1
merge_sort|openmp|aleatorio|1048576|1|0,010177|1|32x1
merge_sort|openmp|aleatorio|1048576|2|0,010253|1|32x1
merge_sort|openmp|aleatorio|1048576|3|0,010098|1|32x1
merge_sort|openmp|aleatorio|1048576|4|0,010293|1|32x1
merge_sort|openmp|aleatorio|1048576|5|0,010223|1|32x1
merge_sort|openmp|aleatorio|1048576|6|0,010262|1|32x1
merge_sort|openmp|aleatorio|1048576|7|0,010095|1|32x1
merge_sort|openmp|aleatorio|1048576|8|0,010106|1|32x1
merge_sort|openmp|aleatorio|1048576|9|0,010141|1|32x1
merge_sort|openmp|aleatorio|1048576|10|0,010183|1|32x1
merge_sort|openmp|aleatorio|4194304|1|0,039357|1|32x1
merge_sort|openmp|aleatorio|4194304|2|0,039499|1|32x1
merge_sort|openmp|aleatorio|4194304|3|0,038787|1|32x1
merge_sort|openmp|aleatorio|4194304|4|0,038685|1|32x1
merge_sort|openmp|aleatorio|4194304|5|0,039157|1|32x1
merge_sort|openmp|aleatorio|4194304|6|0,039286|1|32x1
merge_sort|openmp|aleatorio|4194304|7|0,039209|1|32x1
merge_sort|openmp|aleatorio|4194304|8|0,039080|1|32x1
merge_sort|openmp|aleatorio|4194304|9|0,040230|1|32x1
merge_sort|openmp|aleatorio|4194304|10|0,039237|1|32x1
merge_sort|openmp|aleatorio|16777216|1|0,160335|1|32x1
merge_sort|openmp|aleatorio|16777216|2|0,159666|1|32x1
merge_sort|openmp|aleatorio|16777216|3|0,160908|1|32x1
merge_sort|openmp|aleatorio|16777216|4|0,160649|1|32x1
merge_sort|openmp|aleatorio|16777216|5|0,160404|1|32x1
merge_sort|openmp|aleatorio|16777216|6|0,161778|1|32x1
merge_sort|openmp|aleatorio|16777216|7|0,161397|1|32x1
merge_sort|openmp|aleatorio|16777216|8|0,160898|1|32x1
merge_sort|openmp|aleatorio|16777216|9|0,161692|1|32x1
merge_sort|openmp|aleatorio|16777216|10|0,160742|1|32x1
merge_sort|openmp|aleatorio|67108864|1|0,663616|1|32x1
merge_sort|openmp|aleatorio|67108864|2|0,666396|1|32x1
merge_sort|openmp|aleatorio|67108864|3|0,660694|1|32x1
merge_sort|openmp|aleatorio|67108864|4|0,661560|1|32x1
merge_sort|openmp|aleatorio|67108864|5|0,662050|1|32x1
merge_sort|openmp|aleatorio|67108864|6|0,661412|1|32x1
merge_sort|openmp|aleatorio|67108864|7|0,663090|1|32x1
merge_sort|openmp|aleatorio|67108864|8|0,662508|1|32x1
merge_sort|openmp|aleatorio|67108864|9|0,662785|1|32x1
merge_sort|openmp|aleatorio|67108864|10|0,665286|1|32x1
merge_sort|cuda|aleatorio|1024|1|0,004219|1|256x4
merge_sort|cuda|aleatorio|1024|2|0,004347|1|256x4
merge_sort|cuda|aleatorio|1024|3|0,004229|1|256x4
merge_sort|cuda|aleatorio|1024|4|0,004212|1|256x4
merge_sort|cuda|aleatorio|1024|5|0,004228|1|256x4
merge_sort|cuda|aleatorio|1024|6|0,004215|1|256x4
merge_sort|cuda|aleatorio|1024|7|0,004211|1|256x4
merge_sort|cuda|aleatorio|1024|8|0,004216|1|256x4
merge_sort|cuda|aleatorio|1024|9|0,004230|1|256x4
merge_sort|cuda|aleatorio|1024|10|0,004224|1|256x4
merge_sort|cuda|aleatorio|4096|1|0,004319|1|256x16
merge_sort|cuda|aleatorio|4096|2|0,004199|1|256x16
merge_sort|cuda|aleatorio|4096|3|0,004208|1|256x16
merge_sort|cuda|aleatorio|4096|4|0,004208|1|256x16
merge_sort|cuda|aleatorio|4096|5|0,004203|1|256x16
merge_sort|cuda|aleatorio|4096|6|0,004201|1|256x16
merge_sort|cuda|aleatorio|4096|7|0,004201|1|256x16
merge_sort|cuda|aleatorio|4096|8|0,004199|1|256x16
merge_sort|cuda|aleatorio|4096|9|0,004205|1|256x16
merge_sort|cuda|aleatorio|4096|10|0,004200|1|256x16
merge_sort|cuda|aleatorio|16384|1|0,004192|1|256x64
merge_sort|cuda|aleatorio|16384|2|0,004192|1|256x64
merge_sort|cuda|aleatorio|16384|3|0,004191|1|256x64
merge_sort|cuda|aleatorio|16384|4|0,004187|1|256x64
merge_sort|cuda|aleatorio|16384|5|0,004190|1|256x64
merge_sort|cuda|aleatorio|16384|6|0,004180|1|256x64
merge_sort|cuda|aleatorio|16384|7|0,004187|1|256x64
merge_sort|cuda|aleatorio|16384|8|0,004182|1|256x64
merge_sort|cuda|aleatorio|16384|9|0,004187|1|256x64
merge_sort|cuda|aleatorio|16384|10|0,004180|1|256x64
merge_sort|cuda|aleatorio|65536|1|0,006914|1|256x256
merge_sort|cuda|aleatorio|65536|2|0,006922|1|256x256
merge_sort|cuda|aleatorio|65536|3|0,006923|1|256x256
merge_sort|cuda|aleatorio|65536|4|0,006919|1|256x256
merge_sort|cuda|aleatorio|65536|5|0,006933|1|256x256
merge_sort|cuda|aleatorio|65536|6|0,006927|1|256x256
merge_sort|cuda|aleatorio|65536|7|0,006939|1|256x256
merge_sort|cuda|aleatorio|65536|8|0,006900|1|256x256
merge_sort|cuda|aleatorio|65536|9|0,006911|1|256x256
merge_sort|cuda|aleatorio|65536|10|0,006929|1|256x256
merge_sort|cuda|aleatorio|262144|1|0,004300|1|256x1024
merge_sort|cuda|aleatorio|262144|2|0,004358|1|256x1024
merge_sort|cuda|aleatorio|262144|3|0,004295|1|256x1024
merge_sort|cuda|aleatorio|262144|4|0,004299|1|256x1024
merge_sort|cuda|aleatorio|262144|5|0,004300|1|256x1024
merge_sort|cuda|aleatorio|262144|6|0,004298|1|256x1024
merge_sort|cuda|aleatorio|262144|7|0,004292|1|256x1024
merge_sort|cuda|aleatorio|262144|8|0,004351|1|256x1024
merge_sort|cuda|aleatorio|262144|9|0,004348|1|256x1024
merge_sort|cuda|aleatorio|262144|10|0,004354|1|256x1024
merge_sort|cuda|aleatorio|1048576|1|0,004450|1|256x4096
merge_sort|cuda|aleatorio|1048576|2|0,004457|1|256x4096
merge_sort|cuda|aleatorio|1048576|3|0,004448|1|256x4096
merge_sort|cuda|aleatorio|1048576|4|0,004453|1|256x4096
merge_sort|cuda|aleatorio|1048576|5|0,004462|1|256x4096
merge_sort|cuda|aleatorio|1048576|6|0,004444|1|256x4096
merge_sort|cuda|aleatorio|1048576|7|0,004464|1|256x4096
merge_sort|cuda|aleatorio|1048576|8|0,004440|1|256x4096
merge_sort|cuda|aleatorio|1048576|9|0,004441|1|256x4096
merge_sort|cuda|aleatorio|1048576|10|0,004552|1|256x4096
merge_sort|cuda|aleatorio|4194304|1|0,005493|1|256x16384
merge_sort|cuda|aleatorio|4194304|2|0,005482|1|256x16384
merge_sort|cuda|aleatorio|4194304|3|0,005648|1|256x16384
merge_sort|cuda|aleatorio|4194304|4|0,005459|1|256x16384
merge_sort|cuda|aleatorio|4194304|5|0,005457|1|256x16384
merge_sort|cuda|aleatorio|4194304|6|0,005445|1|256x16384
merge_sort|cuda|aleatorio|4194304|7|0,005431|1|256x16384
merge_sort|cuda|aleatorio|4194304|8|0,005414|1|256x16384
merge_sort|cuda|aleatorio|4194304|9|0,005403|1|256x16384
merge_sort|cuda|aleatorio|4194304|10|0,005401|1|256x16384
merge_sort|cuda|aleatorio|16777216|1|0,022806|1|256x65536
merge_sort|cuda|aleatorio|16777216|2|0,022362|1|256x65536
merge_sort|cuda|aleatorio|16777216|3|0,022342|1|256x65536
merge_sort|cuda|aleatorio|16777216|4|0,021717|1|256x65536
merge_sort|cuda|aleatorio|16777216|5|0,021441|1|256x65536
merge_sort|cuda|aleatorio|16777216|6|0,021255|1|256x65536
merge_sort|cuda|aleatorio|16777216|7|0,020706|1|256x65536
merge_sort|cuda|aleatorio|16777216|8|0,020434|1|256x65536
merge_sort|cuda|aleatorio|16777216|9|0,020104|1|256x65536
merge_sort|cuda|aleatorio|16777216|10|0,019601|1|256x65536
merge_sort|cuda|aleatorio|67108864|1|0,083493|1|256x262144
merge_sort|cuda|aleatorio|67108864|2|0,105204|1|256x262144
merge_sort|cuda|aleatorio|67108864|3|0,099626|1|256x262144
merge_sort|cuda|aleatorio|67108864|4|0,094741|1|256x262144
merge_sort|cuda|aleatorio|67108864|5|0,089379|1|256x262144
merge_sort|cuda|aleatorio|67108864|6|0,084047|1|256x262144
merge_sort|cuda|aleatorio|67108864|7|0,077542|1|256x262144
merge_sort|cuda|aleatorio|67108864|8|0,079426|1|256x262144
merge_sort|cuda|aleatorio|67108864|9|0,078639|1|256x262144
merge_sort|cuda|aleatorio|67108864|10|0,097273|1|256x262144
merge_sort|cudadp|aleatorio|1024|1|0,005685|1|1x1_dp
merge_sort|cudadp|aleatorio|1024|2|0,005650|1|1x1_dp
merge_sort|cudadp|aleatorio|1024|3|0,005660|1|1x1_dp
merge_sort|cudadp|aleatorio|1024|4|0,005652|1|1x1_dp
merge_sort|cudadp|aleatorio|1024|5|0,005644|1|1x1_dp
merge_sort|cudadp|aleatorio|1024|6|0,005661|1|1x1_dp
merge_sort|cudadp|aleatorio|1024|7|0,005657|1|1x1_dp
merge_sort|cudadp|aleatorio|1024|8|0,005655|1|1x1_dp
merge_sort|cudadp|aleatorio|1024|9|0,005675|1|1x1_dp
merge_sort|cudadp|aleatorio|1024|10|0,005652|1|1x1_dp
merge_sort|cudadp|aleatorio|4096|1|0,013545|1|1x1_dp
merge_sort|cudadp|aleatorio|4096|2|0,013512|1|1x1_dp
merge_sort|cudadp|aleatorio|4096|3|0,013526|1|1x1_dp
merge_sort|cudadp|aleatorio|4096|4|0,013534|1|1x1_dp
merge_sort|cudadp|aleatorio|4096|5|0,013546|1|1x1_dp
merge_sort|cudadp|aleatorio|4096|6|0,013565|1|1x1_dp
merge_sort|cudadp|aleatorio|4096|7|0,013581|1|1x1_dp
merge_sort|cudadp|aleatorio|4096|8|0,013520|1|1x1_dp
merge_sort|cudadp|aleatorio|4096|9|0,013512|1|1x1_dp
merge_sort|cudadp|aleatorio|4096|10|0,013512|1|1x1_dp
merge_sort|cudadp|aleatorio|16384|1|0,062736|1|1x1_dp
merge_sort|cudadp|aleatorio|16384|2|0,062811|1|1x1_dp
merge_sort|cudadp|aleatorio|16384|3|0,063177|1|1x1_dp
merge_sort|cudadp|aleatorio|16384|4|0,062752|1|1x1_dp
merge_sort|cudadp|aleatorio|16384|5|0,062598|1|1x1_dp
merge_sort|cudadp|aleatorio|16384|6|0,062566|1|1x1_dp
merge_sort|cudadp|aleatorio|16384|7|0,062575|1|1x1_dp
merge_sort|cudadp|aleatorio|16384|8|0,062914|1|1x1_dp
merge_sort|cudadp|aleatorio|16384|9|0,062551|1|1x1_dp
merge_sort|cudadp|aleatorio|16384|10|0,062388|1|1x1_dp
merge_sort|cudadp|aleatorio|65536|1|0,276203|1|1x1_dp
merge_sort|cudadp|aleatorio|65536|2|0,275765|1|1x1_dp
merge_sort|cudadp|aleatorio|65536|3|0,274728|1|1x1_dp
merge_sort|cudadp|aleatorio|65536|4|0,274778|1|1x1_dp
merge_sort|cudadp|aleatorio|65536|5|0,274642|1|1x1_dp
merge_sort|cudadp|aleatorio|65536|6|0,274721|1|1x1_dp
merge_sort|cudadp|aleatorio|65536|7|0,274165|1|1x1_dp
merge_sort|cudadp|aleatorio|65536|8|0,273421|1|1x1_dp
merge_sort|cudadp|aleatorio|65536|9|0,273123|1|1x1_dp
merge_sort|cudadp|aleatorio|65536|10|0,272953|1|1x1_dp
merge_sort|cudadp|aleatorio|262144|1|1,158244|1|1x1_dp
merge_sort|cudadp|aleatorio|262144|2|1,140047|1|1x1_dp
merge_sort|cudadp|aleatorio|262144|3|1,130435|1|1x1_dp
merge_sort|cudadp|aleatorio|262144|4|1,127968|1|1x1_dp
merge_sort|cudadp|aleatorio|262144|5|1,130082|1|1x1_dp
merge_sort|cudadp|aleatorio|262144|6|1,123532|1|1x1_dp
merge_sort|cudadp|aleatorio|262144|7|1,110696|1|1x1_dp
merge_sort|cudadp|aleatorio|262144|8|1,098684|1|1x1_dp
merge_sort|cudadp|aleatorio|262144|9|1,091080|1|1x1_dp
merge_sort|cudadp|aleatorio|262144|10|1,075291|1|1x1_dp
merge_sort|cudadp|aleatorio|1048576|1|4,715954|1|1x1_dp
merge_sort|cudadp|aleatorio|1048576|2|4,534643|1|1x1_dp
merge_sort|cudadp|aleatorio|1048576|3|4,267381|1|1x1_dp
merge_sort|cudadp|aleatorio|1048576|4|3,932033|1|1x1_dp
merge_sort|cudadp|aleatorio|1048576|5|4,560034|1|1x1_dp
merge_sort|cudadp|aleatorio|1048576|6|5,279980|1|1x1_dp
merge_sort|cudadp|aleatorio|1048576|7|5,082935|1|1x1_dp
merge_sort|cudadp|aleatorio|1048576|8|4,899884|1|1x1_dp
merge_sort|cudadp|aleatorio|1048576|9|4,745778|1|1x1_dp
merge_sort|cudadp|aleatorio|1048576|10|4,523472|1|1x1_dp
merge_sort|cudadp|aleatorio|4194304|1|18,037624|1|1x1_dp
merge_sort|cudadp|aleatorio|4194304|2|17,666875|1|1x1_dp
merge_sort|cudadp|aleatorio|4194304|3|20,370352|1|1x1_dp
merge_sort|cudadp|aleatorio|4194304|4|19,674468|1|1x1_dp
merge_sort|cudadp|aleatorio|4194304|5|20,950818|1|1x1_dp
merge_sort|cudadp|aleatorio|4194304|6|19,443251|1|1x1_dp
merge_sort|cudadp|aleatorio|4194304|7|21,881341|1|1x1_dp
merge_sort|cudadp|aleatorio|4194304|8|20,636595|1|1x1_dp
merge_sort|cudadp|aleatorio|4194304|9|20,524243|1|1x1_dp
merge_sort|cudadp|aleatorio|4194304|10|17,879762|1|1x1_dp
merge_sort|cudadp|aleatorio|16777216|1|92,460337|1|1x1_dp
merge_sort|cudadp|aleatorio|16777216|2|85,813227|1|1x1_dp
merge_sort|cudadp|aleatorio|16777216|3|93,239008|1|1x1_dp
merge_sort|cudadp|aleatorio|16777216|4|101,596521|1|1x1_dp
merge_sort|cudadp|aleatorio|16777216|5|107,848349|1|1x1_dp
merge_sort|cudadp|aleatorio|16777216|6|107,426092|1|1x1_dp
merge_sort|cudadp|aleatorio|16777216|7|116,090124|1|1x1_dp
merge_sort|cudadp|aleatorio|16777216|8|111,124457|1|1x1_dp
merge_sort|cudadp|aleatorio|16777216|9|117,317564|1|1x1_dp
merge_sort|cudadp|aleatorio|16777216|10|127,652210|1|1x1_dp
merge_sort|cudadp|aleatorio|67108864|1|595,764684|1|1x1_dp
merge_sort|cudadp|aleatorio|67108864|2|536,309625|1|1x1_dp
merge_sort|cudadp|aleatorio|67108864|3|434,188469|1|1x1_dp
merge_sort|cudadp|aleatorio|67108864|4|392,104344|1|1x1_dp
merge_sort|cudadp|aleatorio|67108864|5|399,680209|1|1x1_dp
merge_sort|cudadp|aleatorio|67108864|6|398,037544|1|1x1_dp
merge_sort|cudadp|aleatorio|67108864|7|482,408363|1|1x1_dp
merge_sort|cudadp|aleatorio|67108864|8|445,535456|1|1x1_dp
merge_sort|cudadp|aleatorio|67108864|9|426,393775|1|1x1_dp
merge_sort|cudadp|aleatorio|67108864|10|424,664103|1|1x1_dp
bfs|cpu|aleatorio|1024|1|0,000013|1|1x1
bfs|cpu|aleatorio|1024|2|0,000013|1|1x1
bfs|cpu|aleatorio|1024|3|0,000011|1|1x1
bfs|cpu|aleatorio|1024|4|0,000011|1|1x1
bfs|cpu|aleatorio|1024|5|0,000011|1|1x1
bfs|cpu|aleatorio|1024|6|0,000012|1|1x1
bfs|cpu|aleatorio|1024|7|0,000011|1|1x1
bfs|cpu|aleatorio|1024|8|0,000010|1|1x1
bfs|cpu|aleatorio|1024|9|0,000011|1|1x1
bfs|cpu|aleatorio|1024|10|0,000011|1|1x1
bfs|cpu|aleatorio|4096|1|0,000080|1|1x1
bfs|cpu|aleatorio|4096|2|0,000082|1|1x1
bfs|cpu|aleatorio|4096|3|0,000083|1|1x1
bfs|cpu|aleatorio|4096|4|0,000082|1|1x1
bfs|cpu|aleatorio|4096|5|0,000080|1|1x1
bfs|cpu|aleatorio|4096|6|0,000080|1|1x1
bfs|cpu|aleatorio|4096|7|0,000079|1|1x1
bfs|cpu|aleatorio|4096|8|0,000079|1|1x1
bfs|cpu|aleatorio|4096|9|0,000084|1|1x1
bfs|cpu|aleatorio|4096|10|0,000079|1|1x1
bfs|cpu|aleatorio|16384|1|0,000436|1|1x1
bfs|cpu|aleatorio|16384|2|0,000414|1|1x1
bfs|cpu|aleatorio|16384|3|0,000419|1|1x1
bfs|cpu|aleatorio|16384|4|0,000411|1|1x1
bfs|cpu|aleatorio|16384|5|0,000415|1|1x1
bfs|cpu|aleatorio|16384|6|0,000418|1|1x1
bfs|cpu|aleatorio|16384|7|0,000441|1|1x1
bfs|cpu|aleatorio|16384|8|0,000410|1|1x1
bfs|cpu|aleatorio|16384|9|0,000406|1|1x1
bfs|cpu|aleatorio|16384|10|0,000410|1|1x1
bfs|cpu|aleatorio|65536|1|0,002406|1|1x1
bfs|cpu|aleatorio|65536|2|0,002191|1|1x1
bfs|cpu|aleatorio|65536|3|0,002148|1|1x1
bfs|cpu|aleatorio|65536|4|0,002379|1|1x1
bfs|cpu|aleatorio|65536|5|0,002183|1|1x1
bfs|cpu|aleatorio|65536|6|0,002189|1|1x1
bfs|cpu|aleatorio|65536|7|0,002276|1|1x1
bfs|cpu|aleatorio|65536|8|0,002201|1|1x1
bfs|cpu|aleatorio|65536|9|0,002204|1|1x1
bfs|cpu|aleatorio|65536|10|0,002243|1|1x1
bfs|cpu|aleatorio|262144|1|0,012320|1|1x1
bfs|cpu|aleatorio|262144|2|0,011996|1|1x1
bfs|cpu|aleatorio|262144|3|0,010107|1|1x1
bfs|cpu|aleatorio|262144|4|0,011177|1|1x1
bfs|cpu|aleatorio|262144|5|0,012638|1|1x1
bfs|cpu|aleatorio|262144|6|0,012310|1|1x1
bfs|cpu|aleatorio|262144|7|0,012814|1|1x1
bfs|cpu|aleatorio|262144|8|0,013985|1|1x1
bfs|cpu|aleatorio|262144|9|0,011899|1|1x1
bfs|cpu|aleatorio|262144|10|0,013296|1|1x1
